"phoneNumber","id","city","gender","age","prevCalls","topic","Product","totalTime","totalCalls","season"
502255749,"1649965066962","Tel Aviv","Female","18","13","disconnect","Internet,Cables",36.581,154,"Holidays"
502277495,"1649965066610","Hertzelia","Male","18","20","report","Internet,Cables",35.2,156,"Holidays"
523322665,"1649965110308","Zihron yaakov","Male","18","11","report","Internet,Cables",15.753,146,"Holidays"
525488569,"1649965065859","Raanana","Male","18","13","service","Internet",35.024,157,"Holidays"
535554447,"1649965067492","Ariel","Male","18","18","service","Cables",38.202,151,"Holidays"
502255749,"1649965388141","Tel Aviv","Female","18","13","join","Internet,Cables",47.406,121,"Holidays"
523322665,"1649965388367","Zihron yaakov","Male","18","11","disconnect","Internet,Cables",47.844,120,"Holidays"
523322665,"1649965388539","Zihron yaakov","Male","18","11","disconnect","Internet,Cables",48.247,119,"Holidays"
549922125,"1649965388719","Ofakim","Female","18","12","disconnect","Cellular,Cables",48.718,118,"Holidays"
555566558,"1649965388917","Holon","Male","18","66","report","Internet,Cellular",49.221,117,"Holidays"
545789999,"1649965472193","Raanana","Male","26","13","service","Cables,Cellular",1.754,116,"Holidays"
535554447,"1649965472597","Ariel","Male","18","18","join","Cables",3.166,115,"Holidays"
523322665,"1649965472757","Zihron yaakov","Male","18","11","disconnect","Internet,Cables",3.541,114,"Holidays"
529966524,"1649965472929","Naharia","Male","18","24","report","Internet,Cables,Cellular",9.15,113,"Summer vacation"
541425142,"1649965483263","Acre","Female","18","11","report","Internet,Cellular",14.128,112,"Summer vacation"
532211887,"1649965483444","Jerusalem","Male","18","18","service","Internet,Cables",14.55,111,"Summer vacation"
525588552,"1649965483607","Omer","Male","18","11","report","Cables",15.205,110,"Summer vacation"
539875412,"1649965483783","Kfar saba","Female","18","12","disconnect","Internet",15.633,109,"Summer vacation"
539875412,"1649965483954","Kfar saba","Female","18","12","service","Internet",16.068,108,"Summer vacation"
524563218,"1649965503035","Ramat gan","Male","18","13","service","Cables",21.104,106,"Summer vacation"
502277495,"1649965503236","Hertzelia","Male","18","20","report","Internet,Cables",21.731,105,"Summer vacation"
525488569,"1649965502879","Raanana","Male","18","13","join","Internet",20.63,107,"Summer vacation"
502211864,"1649965503412","Kfar bara","Male","18","13","disconnect","Internet,Cables,Cellular",22.245,104,"Summer vacation"
523322665,"1649965503605","Zihron yaakov","Male","18","11","disconnect","Internet,Cables",22.86,103,"Summer vacation"
539875412,"1649965513181","Kfar saba","Female","18","12","join","Internet",13.939,102,"Summer vacation"
532211887,"1649965532659","Jerusalem","Male","18","18","service","Internet,Cables",23.891,101,"Normal days"
527455886,"1649965532315","Ariel","Male","18","14","disconnect","Internet,Cables",24.774,100,"Normal days"
545789999,"1649965532486","Raanana","Male","26","13","join","Cables,Cellular",25.219,99,"Normal days"
545789999,"1649965532149","Raanana","Male","26","13","service","Cables,Cellular",26.509,98,"Normal days"
500022558,"1649965531993","Haifa","Male","18","11","join","Internet,Cellular",27.584,97,"Normal days"
502277495,"1649965531830","Hertzelia","Male","18","20","report","Internet,Cables",28.3,96,"Normal days"
532211887,"1649965531659","Jerusalem","Male","18","18","service","Internet,Cables",29.016,95,"Normal days"
538626154,"1649965531497","Raanana","Male","18","24","service","Internet,Cellular",29.718,94,"Normal days"
502211864,"1649965531321","Kfar bara","Male","18","13","report","Internet,Cables,Cellular",30.499,93,"Normal days"
555544554,"1649965531089","haifa","Male","18","16","service","Internet,Cables",31.352,92,"Normal days"
541425142,"1649965602130","Acre","Female","18","11","report","Internet,Cellular",14.451,91,"Normal days"
535554447,"1649965601959","Ariel","Male","18","18","disconnect","Cables",15.298,90,"Normal days"
539875412,"1649965601797","Kfar saba","Female","18","12","join","Internet",16.034,89,"Normal days"
535554447,"1649965601637","Ariel","Male","18","18","service","Cables",16.77,88,"Normal days"
541425142,"1649965709178","Acre","Female","18","11","report","Internet,Cellular",11.975,86,"Normal days"
502211864,"1649965708996","Kfar bara","Male","18","13","service","Internet,Cables,Cellular",13.765,84,"Normal days"
547414741,"1649965709582","Tel sheva","Male","18","13","disconnect","Internet,Cellular",13.864,83,"Normal days"
545698745,"1649965708846","Rishon lezion","Female","18","13","report","Internet,Cellular",11.581,87,"Normal days"
524563218,"1649965709370","Ramat gan","Male","18","13","service","Cables",12.353,85,"Normal days"
529635875,"1649965726010","Raanana","Female","18","19","service","Internet",13.214,80,"Normal days"
529966524,"1649965725862","Naharia","Male","18","24","disconnect","Internet,Cables,Cellular",13.897,79,"Normal days"
529966524,"1649965725682","Naharia","Male","18","24","report","Internet,Cables,Cellular",14.63,78,"Normal days"
541425142,"1649965726177","Acre","Female","18","11","report","Internet,Cellular",12.492,81,"Normal days"
532211887,"1649965725332","Jerusalem","Male","18","18","join","Internet,Cables",16.06,77,"Normal days"
549632541,"1649965725499","Beer sheva","Female","18","12","disconnect","Cellular",16.44,76,"Normal days"
502211864,"1649965725152","Kfar bara","Male","18","13","service","Internet,Cables,Cellular",17.304,75,"Normal days"
539875412,"1649967976023","Kfar saba","Female","18","12","join","Internet",2.062,66,"Summer vacation"
529635875,"1649967976679","Raanana","Female","18","19","service","Internet",1.754,64,"Summer vacation"
500022558,"1649967976347","Haifa","Male","18","11","report","Internet,Cellular",1.894,65,"Summer vacation"
523322665,"1649967975845","Zihron yaakov","Male","18","11","disconnect","Internet,Cables",4.48,63,"Summer vacation"
524563218,"1649967976189","Ramat gan","Male","18","13","service","Cables",4.822,62,"Summer vacation"
541425142,"1649967976520","Acre","Female","18","11","report","Internet,Cellular",5.238,61,"Summer vacation"
525488569,"1649968852933","Raanana","Male","18","13","disconnect","Internet",12.968,59,"Summer vacation"
545789999,"1649968853123","Raanana","Male","26","13","service","Cables,Cellular",12.214,60,"Summer vacation"
539875412,"1649968852575","Kfar saba","Female","18","12","join","Internet",14.73,57,"Summer vacation"
541425142,"1649968852406","Acre","Female","18","11","report","Internet,Cellular",15.372,56,"Summer vacation"
555566558,"1649968852744","Holon","Male","18","66","report","Internet,Cellular",14.024,58,"Summer vacation"
523322665,"1649968852241","Zihron yaakov","Male","18","11","disconnect","Internet,Cables",16.969,55,"Summer vacation"
525588552,"1649968929959","Omer","Male","18","11","disconnect","Cables",11.717,54,"Summer vacation"
545789999,"1649968930120","Raanana","Male","26","13","disconnect","Cables,Cellular",12.084,53,"Summer vacation"
527455886,"1649968930283","Ariel","Male","18","14","service","Internet,Cables",15.584,52,"Normal days"
500022558,"1649968930442","Haifa","Male","18","11","report","Internet,Cellular",15.945,51,"Normal days"
547414741,"1649968930624","Tel sheva","Male","18","13","join","Internet,Cellular",16.314,50,"Normal days"
529635875,"1649968985457","Raanana","Female","18","19","service","Internet",6.567,49,"Normal days"
545789999,"1649968985629","Raanana","Male","26","13","join","Cables,Cellular",6.915,48,"Normal days"
545698745,"1649968985795","Rishon lezion","Female","18","13","report","Internet,Cellular",7.278,47,"Normal days"
549922125,"1649968986137","Ofakim","Female","18","12","disconnect","Cellular,Cables",7.456,46,"Normal days"
541425142,"1649968985971","Acre","Female","18","11","report","Internet,Cellular",8.172,45,"Normal days"
502211864,"1649970418651","Kfar bara","Male","18","13","service","Internet,Cables,Cellular",20.771,41,"Normal days"
523322665,"1649970418459","Zihron yaakov","Male","18","11","disconnect","Internet,Cables",20.295,42,"Normal days"
539875412,"1649970418031","Kfar saba","Female","18","12","join","Internet",19.549,44,"Normal days"
502277495,"1649970418223","Hertzelia","Male","18","20","disconnect","Internet,Cables",19.937,43,"Normal days"
525488569,"1649970442225","Raanana","Male","18","13","join","Internet",4.812,40,"Normal days"
545789999,"1649970442569","Raanana","Male","26","13","join","Cables,Cellular",5.019,39,"Normal days"
545698745,"1649970442755","Rishon lezion","Female","18","13","report","Internet,Cellular",5.343,38,"Normal days"
502255749,"1649970442931","Tel Aviv","Female","18","13","join","Internet,Cables",5.968,37,"Normal days"
547414741,"1649970443103","Tel sheva","Male","18","13","service","Internet,Cellular",6.472,36,"Normal days"
524563218,"1649970443269","Ramat gan","Male","18","13","service","Cables",7.007,35,"Normal days"
500022558,"1649970443447","Haifa","Male","18","11","report","Internet,Cellular",7.455,34,"Normal days"
525588552,"1649970757893","Omer","Male","18","11","join","Cables",1.933,33,"Normal days"
524563218,"1649970758115","Ramat gan","Male","18","13","service","Cables",3.219,32,"Normal days"
502277495,"1649970758301","Hertzelia","Male","18","20","report","Internet,Cables",3.542,31,"Normal days"
502211864,"1649970758483","Kfar bara","Male","18","13","service","Internet,Cables,Cellular",3.941,30,"Normal days"
527455886,"1649970758665","Ariel","Male","18","14","join","Internet,Cables",4.484,29,"Normal days"
500022558,"1649970935540","Haifa","Male","18","11","report","Internet,Cellular",6.773,28,"Normal days"
555544554,"1649970935726","haifa","Male","18","16","service","Internet,Cables",7.128,27,"Normal days"
549632541,"1649970935881","Beer sheva","Female","18","12","join","Cellular",7.48,26,"Normal days"
541425142,"1649970936080","Acre","Female","18","11","report","Internet,Cellular",7.957,25,"Normal days"
555544554,"1649970945238","haifa","Male","18","16","service","Internet,Cables",1.535,24,"Normal days"
525488569,"1649970945567","Raanana","Male","18","13","join","Internet",2.47,22,"Normal days"
545789999,"1649970945723","Raanana","Male","26","13","join","Cables,Cellular",2.954,21,"Normal days"
529966524,"1649970945400","Naharia","Male","18","24","report","Internet,Cables,Cellular",1.921,23,"Normal days"
500022558,"1649971253204","Haifa","Male","18","11","disconnect","Internet,Cellular",17.677,18,"Normal days"
555544554,"1649971271828","haifa","Male","18","16","service","Internet,Cables",15.349,17,"Normal days"
523322665,"1649971273539","Zihron yaakov","Male","18","11","disconnect","Internet,Cables",15.474,13,"Normal days"
502255749,"1649971274213","Tel Aviv","Female","18","13","join","Internet,Cables",15.406,12,"Normal days"
525488569,"1649971274043","Raanana","Male","18","13","join","Internet",13.744,15,"Normal days"
524563218,"1649971253561","Ramat gan","Male","18","13","service","Cables",16.201,20,"Normal days"
532211887,"1649971273715","Jerusalem","Male","18","18","join","Internet,Cables",13.684,16,"Normal days"
502211864,"1649972371644","Kfar bara","Male","18","13","disconnect","Internet,Cables,Cellular",38.934,11,"Normal days"
524563218,"1649972371316","Ramat gan","Male","18","13","report","Cables",39.922,10,"Normal days"
502277495,"1649972371146","Hertzelia","Male","18","20","service","Internet,Cables",40.757,9,"Normal days"
502255749,"1649972370811","Tel Aviv","Female","18","13","disconnect","Internet,Cables",41.994,8,"Normal days"
535554447,"1649972370635","Ariel","Male","18","18","report","Cables",42.852,7,"Normal days"
525588552,"1649972370460","Omer","Male","18","11","service","Cables",43.643,6,"Normal days"
549922125,"1649972370112","Ofakim","Female","18","12","report","Cellular,Cables",45.136,4,"Normal days"
532211887,"1649972369930","Jerusalem","Male","18","18","service","Internet,Cables",45.918,3,"Normal days"
527455886,"1649972370282","Ariel","Male","18","14","disconnect","Internet,Cables",44.417,5,"Normal days"
523322665,"1649972419261","Zihron yaakov","Male","18","11","disconnect","Internet,Cables",13.035,2,"Normal days"
535554447,"1649972419075","Ariel","Male","18","18","service","Cables",13.831,1,"Normal days"
545698745,"1649972418854","Rishon lezion","Female","18","13","report","Internet,Cellular",14.576,0,"Normal days"
538626154,"1649972418213","Raanana","Male","18","24","service","Internet,Cellular",15.762,0,"Normal days"
555566558,"1649972417594","Holon","Male","18","66","report","Internet,Cellular",16.86,0,"Normal days"
532211887,"1649972417405","Jerusalem","Male","18","18","service","Internet,Cables",17.609,0,"Normal days"
502255223,"1649972417234","Ramat hasharon","Male","18","17","disconnect","Internet,Cables",18.3,0,"Normal days"
541425142,"1649972417064","Acre","Female","18","11","report","Internet,Cellular",19.093,0,"Normal days"
502277495,"1649972798917","Hertzelia","Male","18","20","report","Internet,Cables",2.786,0,"Normal days"
549632541,"1649972974597","Beer sheva","Female","18","12","service","Cellular",7.239,99,"Holidays"
525588552,"1650058872475","Omer","Male","18","11","report","Cables",7.146,75,"Holidays"
527455886,"1650058870776","Ariel","Male","18","14","report","Internet,Cables",9.431,74,"Holidays"
525588552,"1650058872863","Omer","Male","18","11","report","Cables",6.148,76,"Holidays"
545789999,"1650060278149","Raanana","Male","26","13","join","Cables,Cellular",30.268,72,"Holidays"
545789999,"1650060276516","Raanana","Male","26","13","disconnect","Cables,Cellular",32.431,71,"Holidays"
541425142,"1650060276329","Acre","Female","18","11","disconnect","Internet,Cellular",33.48,70,"Holidays"
523322665,"1650060276153","Zihron yaakov","Male","18","11","disconnect","Internet,Cables",34.316,69,"Holidays"
524477115,"1650060278453","Ramat aviv","Male","18","16","join","Internet,Cellular",29.435,73,"Holidays"
545789999,"1650060409476","Raanana","Male","26","13","disconnect","Cables,Cellular",10.643,67,"Holidays"
500022558,"1650060409658","Haifa","Male","18","11","disconnect","Internet,Cellular",9.875,68,"Holidays"
555544554,"1650060409138","haifa","Male","18","16","join","Internet,Cables",12.347,65,"Holidays"
549632541,"1650060409308","Beer sheva","Female","18","12","join","Cellular",11.44,66,"Holidays"
525588552,"1650061163714","Omer","Male","18","11","join","Cables",13.689,62,"Holidays"
547414741,"1650061163549","Tel sheva","Male","18","13","disconnect","Internet,Cellular",13.143,63,"Holidays"
545789999,"1650061163371","Raanana","Male","26","13","join","Cables,Cellular",12.242,64,"Holidays"
502255223,"1650061519303","Ramat hasharon","Male","18","17","disconnect","Internet,Cables",11.124,60,"Holidays"
549632541,"1650061519631","Beer sheva","Female","18","12","join","Cellular",11.428,59,"Holidays"
529635875,"1650061518918","Raanana","Female","18","19","service","Internet",10.914,61,"Holidays"
547414741,"1650061853717","Tel sheva","Male","18","13","join","Internet,Cellular",24.695,58,"Holidays"
555544554,"1650061853521","haifa","Male","18","16","service","Internet,Cables",25.507,57,"Holidays"
500022558,"1650061853299","Haifa","Male","18","11","report","Internet,Cellular",26.418,56,"Holidays"
555544554,"1650063049440","haifa","Male","18","16","report","Internet,Cables",8.733,55,"Holidays"
524563218,"1650063049824","Ramat gan","Male","18","13","join","Cables",9.065,54,"Holidays"
502211864,"1650104496208","Kfar bara","Male","18","13","service","Internet,Cables,Cellular",5.277,195,"Holidays"
500022558,"1650104496017","Haifa","Male","18","11","report","Internet,Cellular",4.807,196,"Holidays"
549922125,"1650104496944","Ofakim","Female","18","12","disconnect","Cellular,Cables",6.003,193,"Holidays"
545789999,"1650104496739","Raanana","Male","26","13","join","Cables,Cellular",5.502,194,"Holidays"
529635875,"1650105058685","Raanana","Female","18","19","service","Internet",2.751,191,"Holidays"
555566558,"1650105058866","Holon","Male","18","66","report","Internet,Cellular",3.873,190,"Holidays"
524477115,"1650105058532","Ramat aviv","Male","18","16","disconnect","Internet,Cellular",2.327,192,"Holidays"
549632541,"1650105098750","Beer sheva","Female","18","12","join","Cellular",5.065,189,"Holidays"
502255223,"1650105099140","Ramat hasharon","Male","18","17","disconnect","Internet,Cables",5.771,187,"Holidays"
555566558,"1650105099337","Holon","Male","18","66","report","Internet,Cellular",6.108,186,"Holidays"
541425142,"1650105098972","Acre","Female","18","11","report","Internet,Cellular",5.379,188,"Holidays"
549922125,"1650105100092","Ofakim","Female","18","12","disconnect","Cellular,Cables",6.14,185,"Holidays"
524563218,"1650105100448","Ramat gan","Male","18","13","service","Cables",6.514,184,"Holidays"
529635875,"1650105100772","Raanana","Female","18","19","service","Internet",6.967,183,"Holidays"
502255223,"1650105101107","Ramat hasharon","Male","18","17","disconnect","Internet,Cables",7.363,182,"Holidays"
524477115,"1650105495496","Ramat aviv","Male","18","16","disconnect","Internet,Cellular",3.796,181,"Holidays"
529966524,"1650105494649","Naharia","Male","18","24","report","Internet,Cables,Cellular",6.295,178,"Holidays"
502255223,"1650105494845","Ramat hasharon","Male","18","17","disconnect","Internet,Cables",5.619,179,"Holidays"
539875412,"1650105495062","Kfar saba","Female","18","12","join","Internet",4.926,180,"Holidays"
502255749,"1650105635334","Tel Aviv","Female","18","13","join","Internet,Cables",4.536,173,"Holidays"
524477115,"1650105635008","Ramat aviv","Male","18","16","disconnect","Internet,Cellular",3.5,175,"Holidays"
502277495,"1650105634846","Hertzelia","Male","18","20","report","Internet,Cables",2.638,176,"Holidays"
555544554,"1650105634674","haifa","Male","18","16","service","Internet,Cables",1.792,177,"Holidays"
555566558,"1650105635168","Holon","Male","18","66","report","Internet,Cellular",3.93,174,"Holidays"
529635875,"1650106237235","Raanana","Female","18","19","service","Internet",1.967,172,"Holidays"
541425142,"1650106237456","Acre","Female","18","11","report","Internet,Cellular",2.386,171,"Holidays"
541425142,"1650106237639","Acre","Female","18","11","report","Internet,Cellular",2.819,170,"Holidays"
538626154,"1650106237804","Raanana","Male","18","24","join","Internet,Cellular",7.432,169,"Summer vacation"
541425142,"1650106812876","Acre","Female","18","11","report","Internet,Cellular",2.362,167,"Summer vacation"
527455886,"1650106812704","Ariel","Male","18","14","join","Internet,Cables",1.99,168,"Summer vacation"
502255749,"1650106813068","Tel Aviv","Female","18","13","join","Internet,Cables",3.568,166,"Summer vacation"
535554447,"1650106818396","Ariel","Male","18","18","join","Cables",1.654,165,"Summer vacation"
527455886,"1650106818592","Ariel","Male","18","14","join","Internet,Cables",2.038,164,"Summer vacation"
502211864,"1650106818764","Kfar bara","Male","18","13","service","Internet,Cables,Cellular",2.572,163,"Summer vacation"
549632541,"1650107112946","Beer sheva","Female","18","12","disconnect","Cellular",11.581,162,"Summer vacation"
555544554,"1650107113122","haifa","Male","18","16","service","Internet,Cables",11.935,161,"Summer vacation"
545789999,"1650107113311","Raanana","Male","26","13","join","Cables,Cellular",12.276,160,"Summer vacation"
524477115,"1650107117430","Ramat aviv","Male","18","16","disconnect","Internet,Cellular",8.999,159,"Summer vacation"
502255749,"1650107417532","Tel Aviv","Female","18","13","join","Internet,Cables",4.55,158,"Summer vacation"
525588552,"1650107417916","Omer","Male","18","11","join","Cables",4.909,157,"Summer vacation"
545698745,"1650107418164","Rishon lezion","Female","18","13","report","Internet,Cellular",5.387,156,"Summer vacation"
529635875,"1650108267368","Raanana","Female","18","19","service","Internet",2.069,155,"Summer vacation"
524477115,"1650108267911","Ramat aviv","Male","18","16","disconnect","Internet,Cellular",3.116,152,"Summer vacation"
502255749,"1650108267722","Tel Aviv","Female","18","13","join","Internet,Cables",2.794,153,"Summer vacation"
541425142,"1650108267551","Acre","Female","18","11","report","Internet,Cellular",2.472,154,"Summer vacation"
549922125,"1650108293128","Ofakim","Female","18","12","disconnect","Cellular,Cables",2.416,151,"Summer vacation"
502255749,"1650108825204","Tel Aviv","Female","18","13","join","Internet,Cables",3.4,149,"Summer vacation"
502277495,"1650108825036","Hertzelia","Male","18","20","report","Internet,Cables",2.26,150,"Summer vacation"
529966524,"1650108825546","Naharia","Male","18","24","report","Internet,Cables,Cellular",5.104,147,"Summer vacation"
502277495,"1650108825370","Hertzelia","Male","18","20","report","Internet,Cables",4.342,148,"Summer vacation"
502255749,"1650109371430","Tel Aviv","Female","18","13","join","Internet,Cables",2.154,145,"Summer vacation"
535554447,"1650109371280","Ariel","Male","18","18","join","Cables",1.624,146,"Summer vacation"
541425142,"1650109371593","Acre","Female","18","11","report","Internet,Cellular",2.773,144,"Summer vacation"
529966524,"1650109935358","Naharia","Male","18","24","report","Internet,Cables,Cellular",1.592,143,"Summer vacation"
500022558,"1650109935820","Haifa","Male","18","11","report","Internet,Cellular",2.287,142,"Summer vacation"
502255749,"1650109936149","Tel Aviv","Female","18","13","join","Internet,Cables",3.006,140,"Summer vacation"
549922125,"1650109935977","Ofakim","Female","18","12","disconnect","Cellular,Cables",2.68,141,"Summer vacation"
524477115,"1650110607517","Ramat aviv","Male","18","16","disconnect","Internet,Cellular",2.516,138,"Summer vacation"
535554447,"1650110607672","Ariel","Male","18","18","join","Cables",2.88,137,"Summer vacation"
502277495,"1650110607994","Hertzelia","Male","18","20","report","Internet,Cables",3.669,135,"Summer vacation"
549922125,"1650110607828","Ofakim","Female","18","12","disconnect","Cellular,Cables",3.238,136,"Summer vacation"
545698745,"1650110607355","Rishon lezion","Female","18","13","report","Internet,Cellular",1.921,139,"Summer vacation"
545698745,"1650113472284","Rishon lezion","Female","18","13","report","Internet,Cellular",1.507,134,"Summer vacation"
549632541,"1650113472620","Beer sheva","Female","18","12","join","Cellular",2.781,132,"Summer vacation"
538626154,"1650113472448","Raanana","Male","18","24","join","Internet,Cellular",1.873,133,"Summer vacation"
555544554,"1650114178569","haifa","Male","18","16","service","Internet,Cables",3.742,131,"Summer vacation"
532211887,"1650114178393","Jerusalem","Male","18","18","report","Internet,Cables",7.591,130,"Summer vacation"
539875412,"1650114178235","Kfar saba","Female","18","12","join","Internet",9.16,129,"Summer vacation"
555544554,"1650114268575","haifa","Male","18","16","service","Internet,Cables",1.67,127,"Summer vacation"
525488569,"1650114268404","Raanana","Male","18","13","join","Internet",1.209,128,"Summer vacation"
538626154,"1650202938483","Raanana","Male","18","24","report","Internet,Cellular",6.78,129,"Holidays"
527455886,"1650202943420","Ariel","Male","18","14","join","Internet,Cables",3.139,128,"Holidays"
502255223,"1650202943800","Ramat hasharon","Male","18","17","disconnect","Internet,Cables",3.691,127,"Holidays"
541425142,"1650202944133","Acre","Female","18","11","report","Internet,Cellular",4.7,125,"Holidays"
500022558,"1650202943971","Haifa","Male","18","11","report","Internet,Cellular",4.212,126,"Holidays"
547414741,"1650233590695","Tel sheva","Male","18","13","service","Internet,Cellular",1.897,26,"Holidays"
541425142,"1650233590872","Acre","Female","18","11","report","Internet,Cellular",2.36,25,"Holidays"
555566558,"1650233591078","Holon","Male","18","66","report","Internet,Cellular",2.658,24,"Holidays"
525488569,"1650233677953","Raanana","Male","18","13","join","Internet",1.62,23,"Holidays"
549632541,"1650233678144","Beer sheva","Female","18","12","join","Cellular",1.953,22,"Holidays"
555566558,"1650233678340","Holon","Male","18","66","report","Internet,Cellular",2.383,21,"Holidays"
529635875,"1650233678518","Raanana","Female","18","19","service","Internet",3.816,20,"Holidays"
523322665,"1650234791450","Zihron yaakov","Male","18","11","disconnect","Internet,Cables",2.447,17,"Holidays"
532211887,"1650234791239","Jerusalem","Male","18","18","join","Internet,Cables",2.068,18,"Holidays"
527455886,"1650234791632","Ariel","Male","18","14","join","Internet,Cables",2.769,16,"Holidays"
502277495,"1650234791066","Hertzelia","Male","18","20","report","Internet,Cables",1.753,19,"Holidays"
545789999,"1650235087840","Raanana","Male","26","13","join","Cables,Cellular",3.407,159,"Holidays"
527455886,"1650235088230","Ariel","Male","18","14","join","Internet,Cables",4.024,158,"Holidays"
549922125,"1650235088400","Ofakim","Female","18","12","disconnect","Cellular,Cables",4.428,157,"Holidays"
549922125,"1650235088572","Ofakim","Female","18","12","disconnect","Cellular,Cables",4.902,156,"Holidays"
532211887,"1650235095366","Jerusalem","Male","18","18","join","Internet,Cables",1.492,155,"Holidays"
524477115,"1650235095568","Ramat aviv","Male","18","16","disconnect","Internet,Cellular",1.966,154,"Holidays"
523322665,"1650235095770","Zihron yaakov","Male","18","11","disconnect","Internet,Cables",2.334,153,"Holidays"
500022558,"1650235160457","Haifa","Male","18","11","report","Internet,Cellular",1.736,152,"Holidays"
555544554,"1650235160795","haifa","Male","18","16","service","Internet,Cables",2.673,150,"Holidays"
529635875,"1650235160629","Raanana","Female","18","19","service","Internet",2.157,151,"Holidays"
545789999,"1650235160966","Raanana","Male","26","13","join","Cables,Cellular",3.123,149,"Holidays"
532211887,"1650273054618","Jerusalem","Male","18","18","join","Internet,Cables",2.219,147,"Holidays"
523322665,"1650273054177","Zihron yaakov","Male","18","11","disconnect","Internet,Cables",2.152,148,"Holidays"
500022558,"1650273055274","Haifa","Male","18","11","report","Internet,Cellular",2.652,145,"Holidays"
545698745,"1650273054839","Rishon lezion","Female","18","13","report","Internet,Cellular",2.543,146,"Holidays"
502277495,"1650273771403","Hertzelia","Male","18","20","report","Internet,Cables",1.822,144,"Holidays"
502277495,"1650273771731","Hertzelia","Male","18","20","report","Internet,Cables",2.2,143,"Holidays"
529635875,"1650273772135","Raanana","Female","18","19","service","Internet",2.506,142,"Holidays"
549922125,"1650274180142","Ofakim","Female","18","12","disconnect","Cellular,Cables",1.332,141,"Holidays"
529635875,"1650274180312","Raanana","Female","18","19","service","Internet",2.024,140,"Holidays"
549922125,"1650274336674","Ofakim","Female","18","12","disconnect","Cellular,Cables",3.042,139,"Holidays"
524563218,"1650274337078","Ramat gan","Male","18","13","service","Cables",3.284,138,"Holidays"
539875412,"1650274337264","Kfar saba","Female","18","12","join","Internet",4.066,137,"Holidays"
529966524,"1650274482200","Naharia","Male","18","24","report","Internet,Cables,Cellular",2.119,136,"Holidays"
529966524,"1650274482594","Naharia","Male","18","24","report","Internet,Cables,Cellular",2.288,135,"Holidays"
535554447,"1650274482972","Ariel","Male","18","18","join","Cables",2.728,134,"Holidays"
545698745,"1650274637250","Rishon lezion","Female","18","13","report","Internet,Cellular",1.287,133,"Holidays"
502255223,"1650274637549","Ramat hasharon","Male","18","17","disconnect","Internet,Cables",1.487,132,"Holidays"
555566558,"1650274678434","Holon","Male","18","66","join","Internet,Cellular",3.142,131,"Holidays"
525488569,"1650274847140","Raanana","Male","18","13","join","Internet",2.512,130,"Holidays"
549632541,"1650275030476","Beer sheva","Female","18","12","join","Cellular",1.731,129,"Holidays"
525488569,"1650275320227","Raanana","Male","18","13","service","Internet",6.082,128,"Holidays"
502211864,"1650275427161","Kfar bara","Male","18","13","service","Internet,Cables,Cellular",2.32,127,"Holidays"
549922125,"1650276697247","Ofakim","Female","18","12","join","Cellular,Cables",3.082,125,"Holidays"
538626154,"1650276854523","Raanana","Male","18","24","service","Internet,Cellular",4.142,123,"Holidays"
545789999,"1650276664287","Raanana","Male","26","13","join","Cables,Cellular",1.492,126,"Holidays"
555566558,"1650276795083","Holon","Male","18","66","report","Internet,Cellular",3.788,124,"Holidays"
525588552,"1650276938007","Omer","Male","18","11","join","Cables",36.162,122,"Holidays"
502255223,"1650276938183","Ramat hasharon","Male","18","17","disconnect","Internet,Cables",118.426,121,"Holidays"
545789999,"1650276938555","Raanana","Male","26","13","join","Cables,Cellular",145.502,120,"Holidays"
524563218,"1650276938353","Ramat gan","Male","18","13","service","Cables",4221.819,119,"Holidays"
539875412,"1650281266829","Kfar saba","Female","18","12","report","Internet",3.792,118,"Holidays"
539875412,"1650281388377","Kfar saba","Female","18","12","disconnect","Internet",7.062,117,"Holidays"
555544554,"1650281531129","haifa","Male","18","16","service","Internet,Cables",5.65,115,"Holidays"
529635875,"1650281531593","Raanana","Female","18","19","service","Internet",4.43,116,"Holidays"
541425142,"1650281625863","Acre","Female","18","11","report","Internet,Cellular",7.333,113,"Holidays"
523322665,"1650281628431","Zihron yaakov","Male","18","11","report","Internet,Cables",4.01,114,"Holidays"
527455886,"1650403939458","Ariel","Male","18","3","join","Internet,Cables",16.255,121,"Holidays"
502255749,"1650403939626","Tel Aviv","Female","18","3","join","Internet,Cables",19.654,122,"Holidays"
539875412,"1650403939786","Kfar saba","Female","18","1","join","Internet",36.863,123,"Holidays"
502255223,"1650403940258","Ramat hasharon","Male","18","6","disconnect","Internet,Cables",52.682,121,"Holidays"
502277495,"1650403939948","Hertzelia","Male","18","8","service","Internet,Cables",52.723,122,"Holidays"
532211887,"1650403952925","Jerusalem","Male","18","7","join","Internet,Cables",173.141,119,"Holidays"
532211887,"1650403940094","Jerusalem","Male","18","7","join","Internet,Cables",185.813,120,"Holidays"
549632541,"1650403994169","Beer sheva","Female","18","1","join","Cellular",134.277,115,"Holidays"
549922125,"1650403994020","Ofakim","Female","18","1","disconnect","Cellular,Cables",132.376,118,"Holidays"
549922125,"1650403994324","Ofakim","Female","18","1","disconnect","Cellular,Cables",132.218,117,"Holidays"
502255223,"1650403994480","Ramat hasharon","Male","18","6","disconnect","Internet,Cables",135.671,112,"Holidays"
500022558,"1650403994636","Haifa","Male","18","1","report","Internet,Cellular",134.066,114,"Holidays"
532211887,"1650403940420","Jerusalem","Male","18","7","join","Internet,Cables",187.878,116,"Holidays"
529966524,"1650403991428","Naharia","Male","18","14","report","Internet,Cables,Cellular",138.165,113,"Holidays"
532211887,"1650403994777","Jerusalem","Male","18","7","join","Internet,Cables",135.857,111,"Holidays"
500022558,"1650404132091","Haifa","Male","18","1","report","Internet,Cellular",2.339,108,"Holidays"
524563218,"1650404131480","Ramat gan","Male","18","2","service","Cables",2.662,110,"Holidays"
502255223,"1650404131771","Ramat hasharon","Male","18","6","disconnect","Internet,Cables",2.515,109,"Holidays"
502211864,"1650404132397","Kfar bara","Male","18","3","service","Internet,Cables,Cellular",2.191,107,"Holidays"
545698745,"1650404131627","Rishon lezion","Female","18","2","report","Internet,Cellular",3.768,106,"Holidays"
545698745,"1650404131935","Rishon lezion","Female","18","2","report","Internet,Cellular",4.603,105,"Holidays"
523322665,"1650404132582","Zihron yaakov","Male","18","1","disconnect","Internet,Cables",4.213,104,"Holidays"
547414741,"1650404132246","Tel sheva","Male","18","2","service","Internet,Cellular",661.881,103,"Holidays"
549632541,"1650404138165","Beer sheva","Female","18","1","join","Cellular",656.701,101,"Holidays"
549922125,"1650404138474","Ofakim","Female","18","1","disconnect","Cellular,Cables",656.759,100,"Holidays"
532211887,"1650404793275","Jerusalem","Male","18","7","join","Internet,Cables",3.002,98,"Holidays"
525588552,"1650404793134","Omer","Male","18","1","join","Cables",2.449,99,"Holidays"
523322665,"1650404132867","Zihron yaakov","Male","18","1","disconnect","Internet,Cables",661.54,102,"Holidays"
549922125,"1650404132710","Ofakim","Female","18","1","disconnect","Cellular,Cables",935.373,97,"Holidays"
547414741,"1650404138008","Tel sheva","Male","18","2","service","Internet,Cellular",930.819,96,"Holidays"
502211864,"1650404138322","Kfar bara","Male","18","3","service","Internet,Cables,Cellular",930.892,95,"Holidays"
524563218,"1650405065829","Ramat gan","Male","18","2","service","Cables",4.254,93,"Holidays"
502255223,"1650404792993","Ramat hasharon","Male","18","6","disconnect","Internet,Cables",276.679,94,"Holidays"
502211864,"1650405065973","Kfar bara","Male","18","3","service","Internet,Cables,Cellular",4.511,92,"Holidays"
555566558,"1650405066132","Holon","Male","18","55","report","Internet,Cellular",4.909,91,"Holidays"
535554447,"1650405066289","Ariel","Male","18","7","join","Cables",5.155,90,"Holidays"
502255749,"1650405066446","Tel Aviv","Female","18","3","join","Internet,Cables",5.423,89,"Holidays"
502255749,"1650405066746","Tel Aviv","Female","18","3","join","Internet,Cables",5.985,87,"Holidays"
541425142,"1650405066611","Acre","Female","18","1","report","Internet,Cellular",5.659,88,"Holidays"
545789999,"1650405066915","Raanana","Male","26","2","join","Cables,Cellular",325.02,86,"Holidays"
525588552,"1650405389687","Omer","Male","18","1","join","Cables",2.869,84,"Holidays"
555544554,"1650405389382","Hod hasharon","Male","18","4","disconnect","Internet,Cables",2.823,85,"Holidays"
545789999,"1650405390664","Raanana","Male","26","2","join","Cables,Cellular",2.9,81,"Holidays"
549922125,"1650405390338","Ofakim","Female","18","1","disconnect","Cellular,Cables",2.869,82,"Holidays"
555544554,"1650405390012","Hod hasharon","Male","18","4","disconnect","Internet,Cables",2.858,83,"Holidays"
525588552,"1650405390494","Omer","Male","18","1","join","Cables",4.792,77,"Holidays"
541425142,"1650405390969","Acre","Female","18","1","report","Internet,Cellular",2.921,80,"Holidays"
524563218,"1650405389845","Ramat gan","Male","18","2","service","Cables",5.096,78,"Holidays"
535554447,"1650405067062","Ariel","Male","18","7","join","Cables",327.579,79,"Holidays"
555566558,"1650405389518","Holon","Male","18","55","report","Internet,Cellular",7.655,75,"Holidays"
524563218,"1650405390169","Ramat gan","Male","18","2","service","Cables",5.773,76,"Holidays"
529966524,"1650405390825","Naharia","Male","18","14","report","Internet,Cables,Cellular",6.971,74,"Holidays"
539875412,"1650405398600","Kfar saba","Female","18","1","join","Internet",2.791,73,"Holidays"
532211887,"1650405399225","Jerusalem","Male","18","7","join","Internet,Cables",2.483,71,"Holidays"
524477115,"1650405398906","Ramat aviv","Male","18","5","disconnect","Internet,Cellular",2.635,72,"Holidays"
527455886,"1650405399531","Ariel","Male","18","3","join","Internet,Cables",2.34,70,"Holidays"
539875412,"1650405399860","Kfar saba","Female","18","1","join","Internet",2.172,69,"Holidays"
555566558,"1650405400170","Holon","Male","18","55","report","Internet,Cellular",2.023,68,"Holidays"
535554447,"1650405400503","Ariel","Male","18","7","join","Cables",1.849,67,"Holidays"
524563218,"1650405398751","Ramat gan","Male","18","2","service","Cables",7.369,66,"Holidays"
525588552,"1650405400009","Omer","Male","18","1","join","Cables",6.43,64,"Holidays"
500022558,"1650405403914","Haifa","Male","18","1","report","Internet,Cellular",2.829,62,"Holidays"
555544554,"1650405405213","Hod hasharon","Male","18","4","disconnect","Internet,Cables",2.195,58,"Holidays"
539875412,"1650405399381","Kfar saba","Female","18","1","join","Internet",6.898,65,"Holidays"
524563218,"1650405404916","Ramat gan","Male","18","2","service","Cables",2.318,59,"Holidays"
524477115,"1650405404243","Ramat aviv","Male","18","5","disconnect","Internet,Cellular",2.666,61,"Holidays"
539875412,"1650405403579","Kfar saba","Female","18","1","join","Internet",3.012,63,"Holidays"
549922125,"1650405404576","Ofakim","Female","18","1","disconnect","Cellular,Cables",2.495,60,"Holidays"
527455886,"1650405399070","Ariel","Male","18","3","join","Internet,Cables",10.787,57,"Holidays"
539875412,"1650405404743","Kfar saba","Female","18","1","join","Internet",5.604,54,"Holidays"
555544554,"1650405404054","Hod hasharon","Male","18","4","disconnect","Internet,Cables",6.129,55,"Holidays"
525588552,"1650405400330","Omer","Male","18","1","join","Cables",9.683,56,"Holidays"
545789999,"1650405404408","Raanana","Male","26","2","join","Cables,Cellular",6.887,52,"Holidays"
525488569,"1650405399708","Raanana","Male","18","3","join","Internet",11.427,53,"Holidays"
545698745,"1650405403743","Rishon lezion","Female","18","2","report","Internet,Cellular",8.131,51,"Holidays"
525488569,"1650405405082","Raanana","Male","18","3","join","Internet",7.37,50,"Holidays"
547414741,"1650405413588","Tel sheva","Male","18","2","service","Internet,Cellular",2.095,49,"Holidays"
538626154,"1650405414253","Raanana","Male","18","13","join","Internet,Cellular",1.758,47,"Holidays"
547414741,"1650405413925","Tel sheva","Male","18","2","service","Internet,Cellular",1.921,48,"Holidays"
500022558,"1650405414569","Haifa","Male","18","1","report","Internet,Cellular",1.607,46,"Holidays"
525588552,"1650405413757","Omer","Male","18","1","join","Cables",245.911,47,"Holidays"
524477115,"1650447989420","Ramat aviv","Male","18","17","disconnect","Internet,Cellular",3.692,128,"Holidays"
524477115,"1650447989586","Ramat aviv","Male","18","17","disconnect","Internet,Cellular",4.026,127,"Holidays"
529966524,"1650447989748","Naharia","Male","18","24","report","Internet,Cables,Cellular",4.364,126,"Holidays"
524563218,"1650447989910","Ramat gan","Male","18","13","service","Cables",5.024,125,"Holidays"
547414741,"1650447990086","Tel sheva","Male","18","14","service","Internet,Cellular",6.235,124,"Holidays"
524477115,"1650447990242","Ramat aviv","Male","18","17","disconnect","Internet,Cellular",6.81,123,"Holidays"
547414741,"1650447990444","Tel sheva","Male","18","14","service","Internet,Cellular",7.304,122,"Holidays"
547414741,"1650447990600","Tel sheva","Male","18","14","service","Internet,Cellular",7.762,121,"Holidays"
535554447,"1650448522221","Ariel","Male","18","18","join","Cables",4.596,116,"Holidays"
549922125,"1650448528457","Ofakim","Female","18","14","disconnect","Cellular,Cables",121.149,112,"Holidays"
502255223,"1650448527981","Ramat hasharon","Male","18","17","disconnect","Internet,Cables",119.956,115,"Holidays"
529966524,"1650448769709","Naharia","Male","18","24","report","Internet,Cables,Cellular",1.562,111,"Holidays"
525488569,"1650448521723","Raanana","Male","18","14","join","Internet",3.218,119,"Holidays"
502211864,"1650448522051","Kfar bara","Male","18","13","service","Internet,Cables,Cellular",3.888,117,"Holidays"
500022558,"1650448521879","Haifa","Male","18","11","report","Internet,Cellular",3.56,118,"Holidays"
523322665,"1650448895344","Zihron yaakov","Male","18","13","disconnect","Internet,Cables",163.775,107,"Normal days"
539875412,"1650448895516","Kfar saba","Female","18","12","join","Internet",164.355,106,"Normal days"
529966524,"1650448895842","Naharia","Male","18","24","report","Internet,Cables,Cellular",165.047,104,"Normal days"
527455886,"1650448896016","Ariel","Male","18","16","join","Internet,Cables",165.589,103,"Normal days"
538626154,"1650448895686","Raanana","Male","18","24","join","Internet,Cellular",164.659,105,"Normal days"
555566558,"1650448896170","Holon","Male","18","68","report","Internet,Cellular",166.011,102,"Normal days"
539875412,"1650449063698","Kfar saba","Female","18","12","join","Internet",2.489,101,"Normal days"
555566558,"1650449063864","Holon","Male","18","68","report","Internet,Cellular",2.793,100,"Normal days"
502255749,"1650449064189","Tel Aviv","Female","18","13","join","Internet,Cables",3.456,98,"Normal days"
529966524,"1650449064027","Naharia","Male","18","24","report","Internet,Cables,Cellular",3.108,99,"Normal days"
502211864,"1650449064350","Kfar bara","Male","18","13","service","Internet,Cables,Cellular",4.027,97,"Normal days"
538626154,"1650449184210","Raanana","Male","18","24","join","Internet,Cellular",4.526,96,"Normal days"
545789999,"1650449184372","Raanana","Male","26","14","join","Cables,Cellular",4.878,95,"Normal days"
525488569,"1650449184538","Raanana","Male","18","14","join","Internet",5.408,94,"Normal days"
525488569,"1650449184690","Raanana","Male","18","14","join","Internet",5.76,93,"Normal days"
555566558,"1650449184842","Holon","Male","18","68","report","Internet,Cellular",6.364,92,"Normal days"
541425142,"1650449185008","Acre","Female","18","12","report","Internet,Cellular",6.738,91,"Normal days"
538626154,"1650449185174","Raanana","Male","18","24","join","Internet,Cellular",7.419,90,"Normal days"
549632541,"1650449185337","Beer sheva","Female","18","13","join","Cellular",8.294,89,"Normal days"
555566558,"1650449185502","Holon","Male","18","68","report","Internet,Cellular",10.258,88,"Normal days"
549632541,"1650449299550","Beer sheva","Female","18","13","join","Cellular",2.125,87,"Normal days"
555566558,"1650449299732","Holon","Male","18","68","report","Internet,Cellular",2.701,86,"Normal days"
555566558,"1650449299898","Holon","Male","18","68","report","Internet,Cellular",3.134,85,"Normal days"
524563218,"1650449300064","Ramat gan","Male","18","13","service","Cables",3.655,84,"Normal days"
535554447,"1650449300232","Ariel","Male","18","18","join","Cables",4.081,83,"Normal days"
502255749,"1650449656267","Tel Aviv","Female","18","13","join","Internet,Cables",2.648,80,"Normal days"
524477115,"1650449656433","Ramat aviv","Male","18","17","disconnect","Internet,Cellular",3.04,79,"Normal days"
524477115,"1650449655551","Ramat aviv","Male","18","17","disconnect","Internet,Cellular",2.016,82,"Normal days"
525488569,"1650449656099","Raanana","Male","18","14","join","Internet",2.28,81,"Normal days"
525588552,"1650451306500","Omer","Male","18","11","join","Cables",3.016,75,"Normal days"
535554447,"1650451306031","Ariel","Male","18","18","join","Cables",1.72,78,"Normal days"
500022558,"1650451306178","Haifa","Male","18","11","report","Internet,Cellular",2.102,77,"Normal days"
549632541,"1650451306338","Beer sheva","Female","18","13","join","Cellular",2.624,76,"Normal days"
555544554,"1650451584408","haifa","Male","18","16","service","Internet,Cables",2.466,63,"Normal days"
532211887,"1650451584722","Jerusalem","Male","18","20","join","Internet,Cables",6.676,61,"Summer vacation"
525588552,"1650451584116","Omer","Male","18","11","join","Cables",1.62,65,"Normal days"
524477115,"1650451584566","Ramat aviv","Male","18","17","disconnect","Internet,Cellular",2.824,62,"Normal days"
502211864,"1650451584268","Kfar bara","Male","18","13","service","Internet,Cables,Cellular",1.966,64,"Normal days"
502277495,"1650451858185","Hertzelia","Male","18","21","report","Internet,Cables",7.099,60,"Summer vacation"
529966524,"1650451858503","Naharia","Male","18","24","report","Internet,Cables,Cellular",6.943,59,"Summer vacation"
525488569,"1650451858341","Raanana","Male","18","14","join","Internet",7.83,58,"Summer vacation"
500022558,"1650451858675","Haifa","Male","18","11","service","Internet,Cellular",7.951,57,"Summer vacation"
527455886,"1650451858834","Ariel","Male","18","16","join","Internet,Cables",8.591,56,"Summer vacation"
525588552,"1650451858993","Omer","Male","18","11","join","Cables",9.056,55,"Summer vacation"
525588552,"1650451859162","Omer","Male","18","11","join","Cables",9.534,54,"Summer vacation"
532211887,"1650451859321","Jerusalem","Male","18","20","join","Internet,Cables",10.1,53,"Summer vacation"
527455886,"1650452517247","Ariel","Male","18","16","join","Internet,Cables",2.078,51,"Summer vacation"
547414741,"1650452516915","Tel sheva","Male","18","14","service","Internet,Cellular",1.446,52,"Summer vacation"
535554447,"1650452517077","Ariel","Male","18","18","join","Cables",3.12,50,"Summer vacation"
500022558,"1650452517435","Haifa","Male","18","11","report","Internet,Cellular",3.388,49,"Summer vacation"
538626154,"1650452521731","Raanana","Male","18","24","join","Internet,Cellular",1.402,48,"Summer vacation"
523322665,"1650452521879","Zihron yaakov","Male","18","13","disconnect","Internet,Cables",1.744,47,"Summer vacation"
502255223,"1650452522059","Ramat hasharon","Male","18","17","disconnect","Internet,Cables",2.028,46,"Summer vacation"
549922125,"1650452522205","Ofakim","Female","18","14","disconnect","Cellular,Cables",2.634,45,"Summer vacation"
545789999,"1650481168778","Raanana","Male","26","2","join","Cables,Cellular",2.967,60,"Holidays"
549632541,"1650481291782","Beer sheva","Female","18","1","join","Cellular",1.125,57,"Holidays"
545698745,"1650481169217","Rishon lezion","Female","18","2","report","Internet,Cellular",123.541,58,"Holidays"
525588552,"1650481168913","Omer","Male","18","1","join","Cables",123.568,59,"Holidays"
541425142,"1650481169064","Acre","Female","18","1","report","Internet,Cellular",188.651,51,"Holidays"
502255749,"1650481291659","Tel Aviv","Female","18","3","join","Internet,Cables",121.875,50,"Holidays"
502255223,"1650481412424","Ramat hasharon","Male","18","6","disconnect","Internet,Cables",1.281,49,"Holidays"
524563218,"1650481356974","Ramat gan","Male","18","2","service","Cables",57.923,48,"Holidays"
545698745,"1650481412563","Rishon lezion","Female","18","2","report","Internet,Cellular",9.066,47,"Holidays"
549922125,"1650481420506","Ofakim","Female","18","1","disconnect","Cellular,Cables",1.269,46,"Holidays"
555566558,"1650481412701","Holon","Male","18","55","report","Internet,Cellular",16.057,45,"Holidays"
547414741,"1650481420658","Tel sheva","Male","18","2","service","Internet,Cellular",8.617,44,"Holidays"
529966524,"1650481430557","Naharia","Male","18","14","report","Internet,Cables,Cellular",6.48,42,"Holidays"
535554447,"1650481430124","Ariel","Male","18","7","join","Cables",12.315,41,"Holidays"
529966524,"1650481446087","Naharia","Male","18","14","report","Internet,Cables,Cellular",1.811,38,"Holidays"
523322665,"1650481446553","Zihron yaakov","Male","18","1","disconnect","Internet,Cables",2.93,35,"Holidays"
523322665,"1650481430276","Zihron yaakov","Male","18","1","disconnect","Internet,Cables",6.347,43,"Holidays"
532211887,"1650481445938","Jerusalem","Male","18","7","join","Internet,Cables",1.495,39,"Holidays"
535554447,"1650481468471","Ariel","Male","18","7","join","Cables",2.014,32,"Holidays"
545698745,"1650481446239","Rishon lezion","Female","18","2","report","Internet,Cellular",2.225,37,"Holidays"
527455886,"1650481446403","Ariel","Male","18","3","join","Internet,Cables",2.573,36,"Holidays"
525488569,"1650481430422","Raanana","Male","18","3","join","Internet",12.474,40,"Holidays"
541425142,"1650481468737","Acre","Female","18","1","report","Internet,Cellular",0.861,34,"Holidays"
545789999,"1650481468606","Raanana","Male","26","2","join","Cables,Cellular",1.438,33,"Holidays"
541425142,"1650481468326","Acre","Female","18","1","report","Internet,Cellular",2.602,31,"Holidays"
545698745,"1650481468191","Rishon lezion","Female","18","2","report","Internet,Cellular",17.517,30,"Holidays"
525488569,"1650481483883","Raanana","Male","18","3","join","Internet",2.207,29,"Holidays"
555544554,"1650481484035","Hod hasharon","Male","18","4","disconnect","Internet,Cables",2.5,28,"Holidays"
502277495,"1650481484316","Hertzelia","Male","18","8","service","Internet,Cables",9.24,26,"Holidays"
502255749,"1650481555111","Tel Aviv","Female","18","3","join","Internet,Cables",4.652,119,"Holidays"
502277495,"1650481555286","Hertzelia","Male","18","8","service","Internet,Cables",38.396,11,"Holidays"
500022558,"1650481484180","Haifa","Male","18","1","report","Internet,Cellular",3.139,27,"Holidays"
555544554,"1650481688812","Hod hasharon","Male","18","4","disconnect","Internet,Cables",2.036,108,"Holidays"
525588552,"1650481688676","Omer","Male","18","1","join","Cables",1.753,109,"Holidays"
535554447,"1650481688978","Ariel","Male","18","7","join","Cables",2.323,107,"Holidays"
532211887,"1650481689278","Jerusalem","Male","18","7","join","Internet,Cables",2.885,105,"Holidays"
525588552,"1650481689130","Omer","Male","18","1","join","Cables",2.589,106,"Holidays"
555566558,"1650481689561","Holon","Male","18","55","report","Internet,Cellular",17.346,103,"Holidays"
549632541,"1650481689425","Beer sheva","Female","18","1","join","Cellular",17.105,104,"Holidays"
545698745,"1650481704370","Rishon lezion","Female","18","2","report","Internet,Cellular",2.943,102,"Holidays"
525588552,"1650481705230","Omer","Male","18","1","join","Cables",19.028,100,"Holidays"
502277495,"1650481704501","Hertzelia","Male","18","8","service","Internet,Cables",19.364,101,"Holidays"
555566558,"1650481705356","Holon","Male","18","55","report","Internet,Cellular",19.378,99,"Holidays"
555566558,"1650482050285","Holon","Male","18","55","report","Internet,Cellular",2.333,96,"Holidays"
523322665,"1650482050136","Zihron yaakov","Male","18","1","disconnect","Internet,Cables",3.697,90,"Holidays"
502277495,"1650482050872","Hertzelia","Male","18","8","service","Internet,Cables",2.046,94,"Holidays"
538626154,"1650482050431","Raanana","Male","18","13","join","Internet,Cellular",3.552,89,"Holidays"
502255749,"1650482051031","Tel Aviv","Female","18","3","join","Internet,Cables",3.121,88,"Holidays"
502255223,"1650482056564","Ramat hasharon","Male","18","6","disconnect","Internet,Cables",2.636,84,"Holidays"
524477115,"1650482057349","Ramat aviv","Male","18","5","disconnect","Internet,Cellular",3.281,79,"Holidays"
523322665,"1650482056726","Zihron yaakov","Male","18","1","disconnect","Internet,Cables",3.557,80,"Holidays"
535554447,"1650482056244","Ariel","Male","18","7","join","Cables",5.527,75,"Holidays"
500022558,"1650482056073","Haifa","Male","18","1","report","Internet,Cellular",2.797,86,"Holidays"
549632541,"1650482056887","Beer sheva","Female","18","1","join","Cellular",2.467,83,"Holidays"
549632541,"1650482057036","Beer sheva","Female","18","1","join","Cellular",2.47,82,"Holidays"
529966524,"1650482057801","Naharia","Male","18","14","report","Internet,Cables,Cellular",4.355,74,"Holidays"
500022558,"1650482057509","Haifa","Male","18","1","report","Internet,Cellular",3.834,76,"Holidays"
502277495,"1650482081518","Hertzelia","Male","18","8","service","Internet,Cables",1.095,72,"Holidays"
541425142,"1650482459792","Acre","Female","18","1","report","Internet,Cellular",3.798,63,"Holidays"
525588552,"1650482459639","Omer","Male","18","1","join","Cables",3.315,65,"Holidays"
555566558,"1650482459944","Holon","Male","18","55","report","Internet,Cellular",3.163,64,"Holidays"
549632541,"1650482459016","Beer sheva","Female","18","1","join","Cellular",3.776,66,"Holidays"
532211887,"1650482458860","Jerusalem","Male","18","7","join","Internet,Cables",2.659,69,"Holidays"
555566558,"1650482439912","Holon","Male","18","55","report","Internet,Cellular",7.45,72,"Holidays"
527455886,"1650482459321","Ariel","Male","18","3","join","Internet,Cables",4.808,62,"Holidays"
502211864,"1650482459482","Kfar bara","Male","18","3","service","Internet,Cables,Cellular",2.353,67,"Holidays"
545789999,"1650482459165","Raanana","Male","26","2","join","Cables,Cellular",2.511,68,"Holidays"
525588552,"1650482440225","Omer","Male","18","1","join","Cables",8.049,70,"Holidays"
524563218,"1650482460084","Ramat gan","Male","18","2","service","Cables",4.804,61,"Holidays"
524477115,"1650482439450","Ramat aviv","Male","18","5","disconnect","Internet,Cellular",6.809,75,"Holidays"
523322665,"1650482439755","Zihron yaakov","Male","18","1","disconnect","Internet,Cables",7.256,73,"Holidays"
538626154,"1650482439596","Raanana","Male","18","13","join","Internet,Cellular",7.035,74,"Holidays"
502255223,"1650482440069","Ramat hasharon","Male","18","6","disconnect","Internet,Cables",7.695,71,"Holidays"
555566558,"1650482478881","Holon","Male","18","55","report","Internet,Cellular",3.211,60,"Holidays"
524477115,"1650482479194","Ramat aviv","Male","18","5","disconnect","Internet,Cellular",3.107,59,"Holidays"
555544554,"1650482479815","Hod hasharon","Male","18","4","disconnect","Internet,Cables",2.892,57,"Holidays"
523322665,"1650482481131","Zihron yaakov","Male","18","1","disconnect","Internet,Cables",1.983,55,"Holidays"
523322665,"1650482480320","Zihron yaakov","Male","18","1","disconnect","Internet,Cables",2.607,56,"Holidays"
529966524,"1650482479512","Naharia","Male","18","14","report","Internet,Cables,Cellular",2.99,58,"Holidays"
549632541,"1650482479036","Beer sheva","Female","18","1","join","Cellular",5.245,54,"Holidays"
524477115,"1650482480457","Ramat aviv","Male","18","5","disconnect","Internet,Cellular",4.313,52,"Holidays"
502211864,"1650482479987","Kfar bara","Male","18","3","service","Internet,Cables,Cellular",5.231,51,"Holidays"
525488569,"1650482479664","Raanana","Male","18","3","join","Internet",4.829,53,"Holidays"
527455886,"1650482479350","Ariel","Male","18","3","join","Internet,Cables",6.418,50,"Holidays"
549922125,"1650482984231","Ofakim","Female","18","14","disconnect","Cellular,Cables",2.071,93,"Holidays"
549632541,"1650482984523","Beer sheva","Female","18","13","join","Cellular",2.036,92,"Holidays"
500022558,"1650482984829","Haifa","Male","18","11","report","Internet,Cellular",3.298,89,"Holidays"
502277495,"1650482985002","Hertzelia","Male","18","21","report","Internet,Cables",3.565,88,"Holidays"
502255749,"1650482984684","Tel Aviv","Female","18","13","join","Internet,Cables",2.919,90,"Holidays"
525488569,"1650482984355","Raanana","Male","18","14","join","Internet",2.748,91,"Holidays"
529635875,"1650482994639","Raanana","Female","18","20","service","Internet",1.734,87,"Holidays"
535554447,"1650482994962","Ariel","Male","18","18","join","Cables",1.584,86,"Holidays"
549632541,"1650482995280","Beer sheva","Female","18","13","join","Cellular",1.461,85,"Holidays"
539875412,"1650482994799","Kfar saba","Female","18","12","join","Internet",2.926,84,"Holidays"
541425142,"1650482995123","Acre","Female","18","12","report","Internet,Cellular",3.067,83,"Holidays"
555566558,"1650482995453","Holon","Male","18","68","report","Internet,Cellular",3.24,82,"Holidays"
545789999,"1650483000061","Raanana","Male","26","14","join","Cables,Cellular",4.352,81,"Normal days"
502211864,"1650483000197","Kfar bara","Male","18","13","service","Internet,Cables,Cellular",4.625,80,"Normal days"
555566558,"1650483000353","Holon","Male","18","68","report","Internet,Cellular",5.13,79,"Normal days"
545789999,"1650483000509","Raanana","Male","26","14","join","Cables,Cellular",5.443,78,"Normal days"
555544554,"1650483000665","haifa","Male","18","16","service","Internet,Cables",5.958,77,"Normal days"
555544554,"1650483444138","haifa","Male","18","16","service","Internet,Cables",3.974,76,"Normal days"
555566558,"1650483444461","Holon","Male","18","68","report","Internet,Cellular",3.989,75,"Normal days"
545789999,"1650483444294","Raanana","Male","26","14","join","Cables,Cellular",4.63,74,"Normal days"
545789999,"1650483444621","Raanana","Male","26","14","join","Cables,Cellular",4.761,73,"Normal days"
527455886,"1650483444779","Ariel","Male","18","16","join","Internet,Cables",5.079,72,"Normal days"
529635875,"1650483444940","Raanana","Female","18","20","service","Internet",5.725,71,"Normal days"
549922125,"1650483445099","Ofakim","Female","18","14","disconnect","Cellular,Cables",6.081,70,"Normal days"
500022558,"1650483445289","Haifa","Male","18","11","report","Internet,Cellular",6.431,69,"Normal days"
502211864,"1650483785464","Kfar bara","Male","18","13","service","Internet,Cables,Cellular",1.664,68,"Normal days"
539875412,"1650483785614","Kfar saba","Female","18","12","join","Internet",2.116,67,"Normal days"
502277495,"1650483785792","Hertzelia","Male","18","21","report","Internet,Cables",2.544,66,"Normal days"
555566558,"1650483785962","Holon","Male","18","68","report","Internet,Cellular",2.894,65,"Normal days"
532211887,"1650483786144","Jerusalem","Male","18","20","join","Internet,Cables",3.312,64,"Normal days"
532211887,"1650483790646","Jerusalem","Male","18","20","join","Internet,Cables",1.696,63,"Normal days"
524477115,"1650483790804","Ramat aviv","Male","18","17","disconnect","Internet,Cellular",2.728,62,"Normal days"
529966524,"1650483790966","Naharia","Male","18","24","report","Internet,Cables,Cellular",3.136,61,"Normal days"
502255223,"1650483791132","Ramat hasharon","Male","18","17","disconnect","Internet,Cables",3.572,60,"Normal days"
525488569,"1650484626133","Raanana","Male","18","14","join","Internet",7.876,59,"Normal days"
525488569,"1650484632565","Raanana","Male","18","14","join","Internet",2.502,57,"Normal days"
523322665,"1650484626285","Zihron yaakov","Male","18","13","disconnect","Internet,Cables",8.338,58,"Normal days"
502255223,"1650484632737","Ramat hasharon","Male","18","17","disconnect","Internet,Cables",2.78,56,"Normal days"
524563218,"1650484633065","Ramat gan","Male","18","13","service","Cables",3.765,54,"Normal days"
549632541,"1650484632899","Beer sheva","Female","18","13","join","Cellular",3.264,55,"Normal days"
502277495,"1650484639753","Hertzelia","Male","18","21","report","Internet,Cables",3.238,53,"Normal days"
524563218,"1650484639929","Ramat gan","Male","18","13","service","Cables",3.985,52,"Normal days"
539875412,"1650484640097","Kfar saba","Female","18","12","join","Internet",4.326,51,"Normal days"
525588552,"1650484640288","Omer","Male","18","11","join","Cables",4.684,50,"Normal days"
538626154,"1650484982154","Raanana","Male","18","24","join","Internet,Cellular",2.194,49,"Normal days"
541425142,"1650484982482","Acre","Female","18","12","report","Internet,Cellular",2.043,48,"Normal days"
541425142,"1650484982649","Acre","Female","18","12","report","Internet,Cellular",2.137,47,"Normal days"
555544554,"1650484982820","haifa","Male","18","16","service","Internet,Cables",2.436,46,"Normal days"
527455886,"1650484982976","Ariel","Male","18","16","join","Internet,Cables",2.808,45,"Normal days"
524477115,"1650484982315","Ramat aviv","Male","18","17","disconnect","Internet,Cellular",4.238,44,"Normal days"
529966524,"1650484983142","Naharia","Male","18","24","report","Internet,Cables,Cellular",4.031,43,"Normal days"
555566558,"1650484995437","Holon","Male","18","68","report","Internet,Cellular",1.823,42,"Summer vacation"
538626154,"1650484995796","Raanana","Male","18","24","join","Internet,Cellular",1.637,41,"Summer vacation"
523322665,"1650484996156","Zihron yaakov","Male","18","13","disconnect","Internet,Cables",1.456,40,"Summer vacation"
529635875,"1650484995626","Raanana","Female","18","20","service","Internet",3.126,39,"Summer vacation"
500022558,"1650484995974","Haifa","Male","18","11","report","Internet,Cellular",3.63,38,"Summer vacation"
539875412,"1650484996312","Kfar saba","Female","18","12","join","Internet",4.01,37,"Summer vacation"
545789999,"1650486160090","Raanana","Male","26","14","join","Cables,Cellular",7.063,108,"Summer vacation"
541425142,"1650486160432","Acre","Female","18","12","report","Internet,Cellular",6.966,107,"Summer vacation"
549922125,"1650486160266","Ofakim","Female","18","14","disconnect","Cellular,Cables",8.641,105,"Summer vacation"
538626154,"1650486159925","Raanana","Male","18","24","join","Internet,Cellular",3.51,109,"Holidays"
539875412,"1650486302299","Kfar saba","Female","18","12","join","Internet",3.858,98,"Summer vacation"
527455886,"1650486301573","Ariel","Male","18","16","join","Internet,Cables",2.154,102,"Summer vacation"
529635875,"1650486302117","Raanana","Female","18","20","service","Internet",1.812,101,"Summer vacation"
555544554,"1650486301779","haifa","Male","18","16","service","Internet,Cables",3.718,99,"Summer vacation"
538626154,"1650486301245","Raanana","Male","18","24","join","Internet,Cellular",2.275,103,"Summer vacation"
523322665,"1650486301397","Zihron yaakov","Male","18","13","disconnect","Internet,Cables",3.394,100,"Summer vacation"
549632541,"1650486482041","Beer sheva","Female","18","13","join","Cellular",1.922,97,"Summer vacation"
502211864,"1650486482213","Kfar bara","Male","18","13","service","Internet,Cables,Cellular",2.518,96,"Summer vacation"
529966524,"1650486482367","Naharia","Male","18","24","report","Internet,Cables,Cellular",2.792,95,"Summer vacation"
500022558,"1650486482532","Haifa","Male","18","11","report","Internet,Cellular",3.399,94,"Summer vacation"
555544554,"1650486482698","haifa","Male","18","16","service","Internet,Cables",3.865,93,"Summer vacation"
549632541,"1650486722508","Beer sheva","Female","18","13","join","Cellular",2.806,88,"Summer vacation"
532211887,"1650486722036","Jerusalem","Male","18","20","join","Internet,Cables",4.266,87,"Summer vacation"
523322665,"1650486721560","Zihron yaakov","Male","18","13","disconnect","Internet,Cables",2.32,92,"Summer vacation"
502277495,"1650486722338","Hertzelia","Male","18","21","report","Internet,Cables",1.892,90,"Summer vacation"
549632541,"1650486995184","Beer sheva","Female","18","13","join","Cellular",1.522,84,"Summer vacation"
527455886,"1650486994850","Ariel","Male","18","16","join","Internet,Cables",1.67,85,"Summer vacation"
545698745,"1650486994672","Rishon lezion","Female","18","13","report","Internet,Cellular",2.992,83,"Summer vacation"
555566558,"1650486995010","Holon","Male","18","68","report","Internet,Cellular",3.21,82,"Summer vacation"
524477115,"1650486994496","Ramat aviv","Male","18","17","disconnect","Internet,Cellular",1.852,86,"Summer vacation"
545698745,"1650486995358","Rishon lezion","Female","18","13","report","Internet,Cellular",3.37,81,"Summer vacation"
538626154,"1650487002194","Raanana","Male","18","24","join","Internet,Cellular",1.452,80,"Normal days"
502255749,"1650487004848","Tel Aviv","Female","18","13","join","Internet,Cables",1.714,79,"Normal days"
502211864,"1650487005170","Kfar bara","Male","18","13","service","Internet,Cables,Cellular",1.916,78,"Normal days"
549922125,"1650487005004","Ofakim","Female","18","14","disconnect","Cellular,Cables",3.461,77,"Normal days"
529635875,"1650487005336","Raanana","Female","18","20","service","Internet",3.966,76,"Normal days"
523322665,"1650487005497","Zihron yaakov","Male","18","13","disconnect","Internet,Cables",4.678,75,"Normal days"
547414741,"1650487523171","Tel sheva","Male","18","14","service","Internet,Cellular",2.023,74,"Normal days"
538626154,"1650487523332","Raanana","Male","18","24","join","Internet,Cellular",2.825,73,"Normal days"
527455886,"1650487523490","Ariel","Male","18","16","join","Internet,Cables",3.182,72,"Normal days"
545789999,"1650487523832","Raanana","Male","26","14","join","Cables,Cellular",3.708,71,"Normal days"
535554447,"1650487524014","Ariel","Male","18","18","join","Cables",4.292,70,"Normal days"
529966524,"1650487524194","Naharia","Male","18","24","report","Internet,Cables,Cellular",4.788,69,"Normal days"
500022558,"1650487536876","Haifa","Male","18","11","report","Internet,Cellular",1.85,67,"Normal days"
529635875,"1650487536698","Raanana","Female","18","20","service","Internet",1.494,68,"Normal days"
529635875,"1650487537118","Raanana","Female","18","20","service","Internet",3.364,66,"Normal days"
502211864,"1650487550634","Kfar bara","Male","18","13","service","Internet,Cables,Cellular",1.352,65,"Normal days"
524477115,"1650487550802","Ramat aviv","Male","18","17","disconnect","Internet,Cellular",1.86,64,"Normal days"
524563218,"1650487649067","Ramat gan","Male","18","13","service","Cables",1.372,63,"Normal days"
535554447,"1650487649229","Ariel","Male","18","18","join","Cables",1.78,62,"Normal days"
529635875,"1650487649404","Raanana","Female","18","20","service","Internet",2.109,61,"Normal days"
529966524,"1650487920231","Naharia","Male","18","24","report","Internet,Cables,Cellular",1.737,54,"Holidays"
529966524,"1650487926316","Naharia","Male","18","24","report","Internet,Cables,Cellular",5.456,45,"Holidays"
545789999,"1650487908526","Raanana","Male","26","14","join","Cables,Cellular",6.304,59,"Normal days"
502255749,"1650487920560","Tel Aviv","Female","18","13","join","Internet,Cables",2.578,52,"Holidays"
538626154,"1650487920076","Raanana","Male","18","24","join","Internet,Cellular",3.636,51,"Holidays"
524477115,"1650487926950","Ramat aviv","Male","18","17","disconnect","Internet,Cellular",2.588,46,"Holidays"
539875412,"1650487908874","Kfar saba","Female","18","12","join","Internet",6.148,58,"Normal days"
500022558,"1650488321712","Haifa","Male","18","11","report","Internet,Cellular",3.94,42,"Holidays"
502255749,"1650488321436","Tel Aviv","Female","18","13","join","Internet,Cables",3.66,43,"Holidays"
502277495,"1650488322520","Hertzelia","Male","18","21","report","Internet,Cables",3.662,41,"Holidays"
527455886,"1650488322696","Ariel","Male","18","16","join","Internet,Cables",4.136,40,"Holidays"
545698745,"1650488322877","Rishon lezion","Female","18","13","report","Internet,Cellular",4.541,39,"Holidays"
529966524,"1650488323060","Naharia","Male","18","24","report","Internet,Cables,Cellular",4.962,38,"Holidays"
547414741,"1650488323215","Tel sheva","Male","18","14","service","Internet,Cellular",5.649,37,"Holidays"
524477115,"1650488323704","Ramat aviv","Male","18","17","disconnect","Internet,Cellular",5.786,36,"Holidays"
545789999,"1650488470518","Raanana","Male","26","14","join","Cables,Cellular",3.384,192,"Holidays"
555566558,"1650488470180","Holon","Male","18","68","report","Internet,Cellular",3.152,193,"Holidays"
547414741,"1650488470352","Tel sheva","Male","18","14","service","Internet,Cellular",1.948,194,"Holidays"
525588552,"1650488470690","Omer","Male","18","11","join","Cables",3.812,191,"Holidays"
555566558,"1650488470006","Holon","Male","18","68","report","Internet,Cellular",1.784,195,"Holidays"
502255749,"1650488470869","Tel Aviv","Female","18","13","join","Internet,Cables",4.233,190,"Holidays"
545789999,"1650488497214","Raanana","Male","26","14","join","Cables,Cellular",1.359,189,"Holidays"
555544554,"1650488497546","haifa","Male","18","16","service","Internet,Cables",1.381,188,"Holidays"
545698745,"1650488497372","Rishon lezion","Female","18","13","report","Internet,Cellular",2.556,187,"Holidays"
555566558,"1650488497740","Holon","Male","18","68","report","Internet,Cellular",2.718,186,"Holidays"
541425142,"1650488815145","Acre","Female","18","12","report","Internet,Cellular",2.562,182,"Normal days"
549632541,"1650488815304","Beer sheva","Female","18","13","join","Cellular",3.083,181,"Normal days"
545698745,"1650488820345","Rishon lezion","Female","18","13","report","Internet,Cellular",2.594,177,"Normal days"
539875412,"1650488814817","Kfar saba","Female","18","12","join","Internet",2.376,183,"Normal days"
502211864,"1650488814973","Kfar bara","Male","18","13","service","Internet,Cables,Cellular",1.528,184,"Normal days"
525588552,"1650488814625","Omer","Male","18","11","join","Cables",1.704,185,"Normal days"
524477115,"1650488819853","Ramat aviv","Male","18","17","disconnect","Internet,Cellular",1.506,180,"Normal days"
500022558,"1650488820183","Haifa","Male","18","11","report","Internet,Cellular",2.206,178,"Normal days"
524563218,"1650489071614","Ramat gan","Male","18","13","service","Cables",3.09,172,"Normal days"
502211864,"1650489076556","Kfar bara","Male","18","13","service","Internet,Cables,Cellular",1.72,169,"Normal days"
502255223,"1650489071286","Ramat hasharon","Male","18","17","disconnect","Internet,Cables",2.324,174,"Normal days"
541425142,"1650489071462","Acre","Female","18","12","report","Internet,Cellular",1.386,175,"Normal days"
502255223,"1650489071930","Ramat hasharon","Male","18","17","disconnect","Internet,Cables",3.38,171,"Normal days"
502211864,"1650489076894","Kfar bara","Male","18","13","service","Internet,Cables,Cellular",2.376,167,"Normal days"
535554447,"1650489396653","Ariel","Male","18","18","join","Cables",1.422,165,"Normal days"
549922125,"1650489396315","Ofakim","Female","18","14","disconnect","Cellular,Cables",1.574,166,"Normal days"
500022558,"1650489397001","Haifa","Male","18","11","report","Internet,Cellular",1.246,164,"Normal days"
545789999,"1650489396501","Raanana","Male","26","14","join","Cables,Cellular",2.87,162,"Normal days"
547414741,"1650489396825","Tel sheva","Male","18","14","service","Internet,Cellular",1.982,163,"Normal days"
545698745,"1650551754874","Rishon lezion","Female","18","13","report","Internet,Cellular",4.225,167,"Holidays"
525488569,"1650551731431","Raanana","Male","18","14","join","Internet",25.255,171,"Holidays"
549632541,"1650551755225","Beer sheva","Female","18","13","join","Cellular",4.964,166,"Holidays"
541425142,"1650551773829","Acre","Female","18","12","report","Internet,Cellular",9.414,165,"Holidays"
500022558,"1650551755039","Haifa","Male","18","11","report","Internet,Cellular",2.014,169,"Holidays"
545789999,"1650551754701","Raanana","Male","26","14","join","Cables,Cellular",2.154,170,"Holidays"
529966524,"1650551754544","Naharia","Male","18","24","report","Internet,Cables,Cellular",3.901,168,"Holidays"
547414741,"1650556450335","Tel sheva","Male","18","14","service","Internet,Cellular",2.942,34,"Holidays"
525588552,"1650556450490","Omer","Male","18","11","join","Cables",1.589,36,"Holidays"
529966524,"1650556450159","Naharia","Male","18","24","report","Internet,Cables,Cellular",1.572,37,"Holidays"
549922125,"1650556450823","Ofakim","Female","18","14","disconnect","Cellular,Cables",3.104,33,"Holidays"
529966524,"1650556450643","Naharia","Male","18","24","report","Internet,Cables,Cellular",1.946,35,"Holidays"
525588552,"1650577054341","Omer","Male","18","11","join","Cables",3.332,195,"Holidays"
525488569,"1650577053784","Raanana","Male","18","14","join","Internet",3.441,196,"Holidays"
529966524,"1650577055482","Naharia","Male","18","24","report","Internet,Cables,Cellular",3.269,193,"Holidays"
547414741,"1650577056031","Tel sheva","Male","18","14","service","Internet,Cellular",3.399,192,"Holidays"
525488569,"1650577054548","Raanana","Male","18","14","join","Internet",3.664,194,"Holidays"
538626154,"1650577056188","Raanana","Male","18","24","join","Internet,Cellular",3.862,191,"Holidays"
523322665,"1650577140067","Zihron yaakov","Male","18","13","disconnect","Internet,Cables",2.078,190,"Holidays"
555566558,"1650577140468","Holon","Male","18","68","report","Internet,Cellular",2.635,188,"Holidays"
541425142,"1650577140279","Acre","Female","18","12","report","Internet,Cellular",2.334,189,"Holidays"
545789999,"1650577140822","Raanana","Male","26","14","join","Cables,Cellular",3.416,186,"Holidays"
525488569,"1650577140636","Raanana","Male","18","14","join","Internet",2.955,187,"Holidays"
502255223,"1650577226372","Ramat hasharon","Male","18","17","disconnect","Internet,Cables",2.094,185,"Holidays"
532211887,"1650577226544","Jerusalem","Male","18","20","join","Internet,Cables",2.402,184,"Holidays"
502255223,"1650577226716","Ramat hasharon","Male","18","17","disconnect","Internet,Cables",2.748,183,"Holidays"
524477115,"1650577227114","Ramat aviv","Male","18","17","disconnect","Internet,Cellular",2.83,182,"Holidays"
545698745,"1650577227402","Rishon lezion","Female","18","13","report","Internet,Cellular",3.252,181,"Holidays"
529966524,"1650577407881","Naharia","Male","18","24","report","Internet,Cables,Cellular",3.071,180,"Holidays"
502211864,"1650577408072","Kfar bara","Male","18","13","service","Internet,Cables,Cellular",4.166,179,"Holidays"
535554447,"1650577408681","Ariel","Male","18","18","join","Cables",5.525,176,"Holidays"
538626154,"1650577408283","Raanana","Male","18","24","join","Internet,Cellular",4.722,178,"Holidays"
525588552,"1650577408864","Omer","Male","18","11","join","Cables",6.023,175,"Holidays"
502255749,"1650577409071","Tel Aviv","Female","18","13","join","Internet,Cables",6.472,174,"Holidays"
547414741,"1650577408481","Tel sheva","Male","18","14","service","Internet,Cellular",5.11,177,"Holidays"
549922125,"1650577563078","Ofakim","Female","18","14","disconnect","Cellular,Cables",5.487,170,"Summer vacation"
525588552,"1650577571688","Omer","Male","18","11","join","Cables",4.524,164,"Summer vacation"
500022558,"1650577571117","Haifa","Male","18","11","report","Internet,Cellular",1.757,167,"Summer vacation"
555544554,"1650577563780","haifa","Male","18","16","service","Internet,Cables",5.008,169,"Summer vacation"
545789999,"1650577562911","Raanana","Male","26","14","join","Cables,Cellular",1.787,173,"Holidays"
549922125,"1650577563259","Ofakim","Female","18","14","disconnect","Cellular,Cables",1.655,172,"Holidays"
500022558,"1650577964845","Haifa","Male","18","11","report","Internet,Cellular",3.177,162,"Summer vacation"
535554447,"1650577965440","Ariel","Male","18","18","join","Cables",3.244,160,"Summer vacation"
502211864,"1650577965591","Kfar bara","Male","18","13","service","Internet,Cables,Cellular",3.823,158,"Summer vacation"
535554447,"1650577965031","Ariel","Male","18","18","join","Cables",3.421,161,"Summer vacation"
538626154,"1650577965244","Raanana","Male","18","24","join","Internet,Cellular",4.756,157,"Summer vacation"
502255749,"1650577966036","Tel Aviv","Female","18","13","join","Internet,Cables",2.833,159,"Summer vacation"
545698745,"1650577971311","Rishon lezion","Female","18","13","report","Internet,Cellular",2.303,156,"Summer vacation"
525488569,"1650577971670","Raanana","Male","18","14","join","Internet",2.342,155,"Summer vacation"
529635875,"1650577971504","Raanana","Female","18","20","service","Internet",2.956,154,"Summer vacation"
555544554,"1650577971858","haifa","Male","18","16","service","Internet,Cables",3.042,153,"Summer vacation"
545789999,"1650577972023","Raanana","Male","26","14","join","Cables,Cellular",3.785,152,"Summer vacation"
500022558,"1650577972183","Haifa","Male","18","11","report","Internet,Cellular",4.679,151,"Summer vacation"
547414741,"1650577993818","Tel sheva","Male","18","14","service","Internet,Cellular",2.968,148,"Normal days"
525488569,"1650577994171","Raanana","Male","18","14","join","Internet",2.785,147,"Normal days"
547414741,"1650577990575","Tel sheva","Male","18","14","service","Internet,Cellular",5.841,150,"Normal days"
529966524,"1650577994510","Naharia","Male","18","24","report","Internet,Cables,Cellular",2.604,146,"Normal days"
549922125,"1650577993460","Ofakim","Female","18","14","disconnect","Cellular,Cables",3.148,149,"Normal days"
502277495,"1650577993648","Hertzelia","Male","18","21","report","Internet,Cables",4.302,145,"Normal days"
549922125,"1650577994005","Ofakim","Female","18","14","disconnect","Cellular,Cables",4.398,144,"Normal days"
539875412,"1650577994340","Kfar saba","Female","18","12","join","Internet",4.487,143,"Normal days"
502255749,"1650577994675","Tel Aviv","Female","18","13","join","Internet,Cables",4.631,142,"Normal days"
502255749,"1650577993268","Tel Aviv","Female","18","13","join","Internet,Cables",7.204,141,"Normal days"
538626154,"1650578042188","Raanana","Male","18","24","join","Internet,Cellular",1.953,140,"Normal days"
555544554,"1650578042370","haifa","Male","18","16","service","Internet,Cables",2.259,139,"Normal days"
527455886,"1650578042748","Ariel","Male","18","16","join","Internet,Cables",2.357,138,"Normal days"
502277495,"1650578042562","Hertzelia","Male","18","21","report","Internet,Cables",3.567,137,"Normal days"
539875412,"1650578145372","Kfar saba","Female","18","12","join","Internet",5.248,130,"Normal days"
524563218,"1650578145186","Ramat gan","Male","18","13","service","Cables",2.632,136,"Normal days"
549632541,"1650578145544","Beer sheva","Female","18","13","join","Cellular",2.654,135,"Normal days"
529966524,"1650578145732","Naharia","Male","18","24","report","Internet,Cables,Cellular",3.924,131,"Normal days"
523322665,"1650578145911","Zihron yaakov","Male","18","13","disconnect","Internet,Cables",2.473,134,"Normal days"
555544554,"1650578146270","haifa","Male","18","16","service","Internet,Cables",2.322,133,"Normal days"
502255749,"1650578146078","Tel Aviv","Female","18","13","join","Internet,Cables",3.134,132,"Normal days"
538626154,"1650578389530","Raanana","Male","18","24","join","Internet,Cellular",2.43,129,"Normal days"
502255223,"1650578389908","Ramat hasharon","Male","18","17","disconnect","Internet,Cables",2.26,128,"Normal days"
523322665,"1650578390064","Zihron yaakov","Male","18","13","disconnect","Internet,Cables",3.034,127,"Normal days"
545789999,"1650578389712","Raanana","Male","26","14","join","Cables,Cellular",4.068,126,"Normal days"